﻿<?xml version="1.0" encoding="UTF-8" standalone="yes"?>
<addon id="plugin.video.YayPonies" name="YayPonies for Kodi" version="1.1" provider-name="B3ATDROP3R">
    <requires>
        <import addon="xbmc.python" version="2.19.0" />
        <import addon="script.module.universalscrapers" version="0.5.5" />
        <import addon="script.module.python.koding.aio" version="0.9.0" />
        <import addon="script.module.beautifulsoup" version="3.2.1" />
        <import addon="script.module.requests" version="2.9.1" />
        <import addon="script.module.addon.common" version="2.0.0" />
        <import addon="script.module.xmltodict" version="0.9.0" />
        <!--<import addon="script.module.web-pdb" version="1.0"/>-->
        <import addon="script.module.resolveurl" />
    </requires>
    <extension point="xbmc.python.pluginsource" library="default.py">
        <provides>audio video</provides>
    </extension>
    <extension point="xbmc.service" library="service.py" start="[login|startup]" />
    <extension point="xbmc.addon.metadata">
      <summary lang="en">This Plugin uses YayPonies.no for the episodes. If for any reason you have a problem with it, don't message yayponies, instead message me on twitter @sams_kc.</summary>
      <summary lang="he">l</summary>
      <description lang="en">This Plugin uses YayPonies.no for the episodes. If for any reason you have a problem with it, don't message yayponies, instead message me on twitter @sams_kc. </description>
      <description lang="he"> lmao</description>
      <disclaimer lang="en">P O N I E S ! ! !</disclaimer>
      <disclaimer lang="he">l</disclaimer>
      <platform>all</platform>
        <website></website>
        <video_guide></video_guide>
    </extension>
</addon>
